Image Path,Url,Subject,Memes?
data/reddit/memes/dprj1o0o4p251.jpg,https://i.redd.it/dprj1o0o4p251.jpg,memes,Yes
data/reddit/memes/f74c2aetkp251.jpg,https://i.redd.it/f74c2aetkp251.jpg,memes,Yes
data/reddit/memes/eeuor93b5q251.png,https://i.redd.it/eeuor93b5q251.png,memes,Yes
data/reddit/memes/1sykt555hp251.png,https://i.redd.it/1sykt555hp251.png,memes,Yes
data/reddit/memes/ryk5jb7mvp251.jpg,https://i.redd.it/ryk5jb7mvp251.jpg,memes,Yes
data/reddit/memes/5qd4f9s85p251.jpg,https://i.redd.it/5qd4f9s85p251.jpg,memes,Yes
data/reddit/memes/x9j2nc7zqp251.jpg,https://i.redd.it/x9j2nc7zqp251.jpg,memes,Yes
data/reddit/memes/p46anj31bq251.jpg,https://i.redd.it/p46anj31bq251.jpg,memes,Yes
data/reddit/memes/8r7ju9jqho251.jpg,https://i.redd.it/8r7ju9jqho251.jpg,memes,Yes
data/reddit/memes/1kodkkvlvo251.jpg,https://i.redd.it/1kodkkvlvo251.jpg,memes,Yes
data/reddit/memes/1cu4cd3oyp251.jpg,https://i.redd.it/1cu4cd3oyp251.jpg,memes,Yes
data/reddit/memes/pyp2fccwiq251.png,https://i.redd.it/pyp2fccwiq251.png,memes,Yes
data/reddit/memes/fxbw0xeudq251.jpg,https://i.redd.it/fxbw0xeudq251.jpg,memes,Yes
data/reddit/memes/ss4pc0jhcp251.jpg,https://i.redd.it/ss4pc0jhcp251.jpg,memes,Yes
data/reddit/memes/z4zetwlkjp251.jpg,https://i.redd.it/z4zetwlkjp251.jpg,memes,Yes
data/reddit/memes/b6l1fmtwbq251.png,https://i.redd.it/b6l1fmtwbq251.png,memes,Yes
data/reddit/memes/g74k8gkp8q251.jpg,https://i.redd.it/g74k8gkp8q251.jpg,memes,Yes
data/reddit/memes/mzh8aic5zp251.jpg,https://i.redd.it/mzh8aic5zp251.jpg,memes,Yes
data/reddit/memes/ptlyuy7vrp251.jpg,https://i.redd.it/ptlyuy7vrp251.jpg,memes,Yes
data/reddit/memes/k852sfefso251.jpg,https://i.redd.it/k852sfefso251.jpg,memes,Yes
data/reddit/memes/f4vnyk4b9q251.png,https://i.redd.it/f4vnyk4b9q251.png,memes,Yes
data/reddit/memes/5mai5zgrpp251.jpg,https://i.redd.it/5mai5zgrpp251.jpg,memes,Yes
data/reddit/memes/lutrjrtlnp251.jpg,https://i.redd.it/lutrjrtlnp251.jpg,memes,Yes
data/reddit/memes/gwf2k5kxqo251.jpg,https://i.redd.it/gwf2k5kxqo251.jpg,memes,Yes
data/reddit/memes/4p1bor63gp251.jpg,https://i.redd.it/4p1bor63gp251.jpg,memes,Yes
data/reddit/memes/ya4u7k0stp251.jpg,https://i.redd.it/ya4u7k0stp251.jpg,memes,Yes
data/reddit/memes/n97lbwwi2q251.jpg,https://i.redd.it/n97lbwwi2q251.jpg,memes,Yes
data/reddit/memes/z3nums355p251.jpg,https://i.redd.it/z3nums355p251.jpg,memes,Yes
data/reddit/memes/t7bleypbwo251.jpg,https://i.redd.it/t7bleypbwo251.jpg,memes,Yes
data/reddit/memes/zppuo8eltp251.jpg,https://i.redd.it/zppuo8eltp251.jpg,memes,Yes
data/reddit/memes/sa7yk0sf4q251.jpg,https://i.redd.it/sa7yk0sf4q251.jpg,memes,Yes
data/reddit/memes/9xuhzu8i2p251.jpg,https://i.redd.it/9xuhzu8i2p251.jpg,memes,Yes
data/reddit/memes/maezn2a2mo251.jpg,https://i.redd.it/maezn2a2mo251.jpg,memes,Yes
data/reddit/memes/oeecxtoeto251.jpg,https://i.redd.it/oeecxtoeto251.jpg,memes,Yes
data/reddit/memes/h3q3rsm1fp251.png,https://i.redd.it/h3q3rsm1fp251.png,memes,Yes
data/reddit/memes/d2622jir4p251.jpg,https://i.redd.it/d2622jir4p251.jpg,memes,Yes
data/reddit/memes/iwvf95o01p251.jpg,https://i.redd.it/iwvf95o01p251.jpg,memes,Yes
data/reddit/memes/1uczpuqmco251.jpg,https://i.redd.it/1uczpuqmco251.jpg,memes,Yes
data/reddit/memes/tnotx1y06o251.jpg,https://i.redd.it/tnotx1y06o251.jpg,memes,Yes
data/reddit/memes/wjfjve7evo251.jpg,https://i.redd.it/wjfjve7evo251.jpg,memes,Yes
data/reddit/memes/9ehoxcy7to251.jpg,https://i.redd.it/9ehoxcy7to251.jpg,memes,Yes
data/reddit/memes/yc4gat07no251.jpg,https://i.redd.it/yc4gat07no251.jpg,memes,Yes
data/reddit/memes/qk8s0516mp251.jpg,https://i.redd.it/qk8s0516mp251.jpg,memes,Yes
data/reddit/memes/izc1b9fnqp251.jpg,https://i.redd.it/izc1b9fnqp251.jpg,memes,Yes
data/reddit/memes/lcd6nxudvo251.jpg,https://i.redd.it/lcd6nxudvo251.jpg,memes,Yes
data/reddit/memes/lmwi31uqeo251.png,https://i.redd.it/lmwi31uqeo251.png,memes,Yes
data/reddit/memes/6so75az0cq251.jpg,https://i.redd.it/6so75az0cq251.jpg,memes,Yes
data/reddit/memes/h5r0qug28q251.png,https://i.redd.it/h5r0qug28q251.png,memes,Yes
data/reddit/memes/wh4ive6d2p251.jpg,https://i.redd.it/wh4ive6d2p251.jpg,memes,Yes
